{"version":2,"objs":[{"type":"halfplane","p1":{"type":1,"x":760,"y":400,"exist":true},"p2":{"type":1,"x":820,"y":400,"exist":true},"p":1.33},{"type":"radiant","x":680,"y":600,"p":1},{"type":"ruler","p1":{"type":1,"x":680,"y":600,"exist":true},"p2":{"type":1,"x":680,"y":400,"exist":true}}],"mode":"observer","rayDensity_light":0.1,"rayDensity_images":3.2520969380833185,"observer":{"type":5,"c":{"type":1,"x":881.5,"y":241,"exist":true},"r":20,"exist":true},"origin":{"x":-523.7,"y":1.5999999999999943},"scale":1}