{"version":2,"objs":[{"type":"ruler","p1":{"type":1,"x":404,"y":334,"exist":true},"p2":{"type":1,"x":1084,"y":334,"exist":true}},{"type":"radiant","x":404,"y":322,"p":0.5},{"type":"lens","p1":{"type":1,"x":849,"y":190,"exist":true},"p2":{"type":1,"x":849,"y":478,"exist":true},"p":100},{"type":"lens","p1":{"type":1,"x":464,"y":274,"exist":true},"p2":{"type":1,"x":464,"y":394,"exist":true},"p":50},{"type":"blackline","p1":{"type":1,"x":480,"y":260,"exist":true},"p2":{"type":1,"x":340,"y":260,"exist":true}},{"type":"blackline","p1":{"type":1,"x":340,"y":420,"exist":true},"p2":{"type":1,"x":340,"y":260,"exist":true}},{"type":"blackline","p1":{"type":1,"x":480,"y":420,"exist":true},"p2":{"type":1,"x":340,"y":420,"exist":true}}],"mode":"extended_light","rayDensity_light":0.049787068367863944,"rayDensity_images":1,"observer":null,"origin":{"x":-244,"y":78},"scale":1}