{"version":2,"objs":[{"type":"radiant","x":494,"y":300,"p":0.5},{"type":"radiant","x":494,"y":320,"p":0.5},{"type":"radiant","x":494,"y":280,"p":0.5},{"type":"radiant","x":514,"y":320,"p":0.5},{"type":"mirror","p1":{"type":1,"x":395,"y":380,"exist":true},"p2":{"type":1,"x":674,"y":380,"exist":true}},{"type":"mirror","p1":{"type":1,"x":533.1954312487626,"y":136.62256659554347,"exist":true},"p2":{"type":1,"x":674,"y":380,"exist":true}},{"type":"protractor","p1":{"type":1,"x":674,"y":380,"exist":true},"p2":{"type":1,"x":594,"y":380,"exist":true}}],"mode":"images","rayDensity_light":0.1,"rayDensity_images":1,"observer":null,"origin":{"x":-309,"y":81},"scale":1}