{"version":2,"objs":[{"type":"refractor","path":[{"x":120,"y":220,"arc":false},{"x":120,"y":360,"arc":false},{"x":680,"y":360,"arc":false},{"x":680,"y":220,"arc":false}],"notDone":false,"p":1.5},{"type":"laser","p1":{"type":1,"x":642,"y":320,"exist":true},"p2":{"type":1,"x":606,"y":260,"exist":true}},{"type":"laser","p1":{"type":1,"x":321,"y":320,"exist":true},"p2":{"type":1,"x":241,"y":260,"exist":true}},{"type":"mirror","p1":{"type":1,"x":153.01718340158584,"y":446.79980548922975,"exist":true},"p2":{"type":1,"x":1094.0104203930719,"y":460.27217562236774,"exist":true}},{"type":"arcmirror","p1":{"type":1,"x":1176,"y":671,"exist":true},"p2":{"type":1,"x":144,"y":634,"exist":true},"p3":{"type":1,"x":615,"y":599,"exist":true}},{"type":"laser","p1":{"type":1,"x":1055,"y":615,"exist":true},"p2":{"type":1,"x":997,"y":513,"exist":true}},{"type":"refractor","path":[{"x":740,"y":340,"arc":false},{"x":740,"y":380,"arc":false},{"x":1060,"y":380,"arc":false},{"x":1060,"y":340,"arc":false}],"notDone":false,"p":2},{"type":"refractor","path":[{"x":740,"y":180,"arc":false},{"x":740,"y":220,"arc":false},{"x":1060,"y":220,"arc":false},{"x":1060,"y":180,"arc":false}],"notDone":false,"p":1.2},{"type":"refractor","path":[{"x":740,"y":220,"arc":false},{"x":740,"y":260,"arc":false},{"x":1060,"y":260,"arc":false},{"x":1060,"y":220,"arc":false}],"notDone":false,"p":1.4},{"type":"refractor","path":[{"x":740,"y":260,"arc":false},{"x":740,"y":300,"arc":false},{"x":1060,"y":300,"arc":false},{"x":1060,"y":260,"arc":false}],"notDone":false,"p":1.6},{"type":"refractor","path":[{"x":740,"y":300,"arc":false},{"x":740,"y":340,"arc":false},{"x":1060,"y":340,"arc":false},{"x":1060,"y":300,"arc":false}],"notDone":false,"p":1.8},{"type":"laser","p1":{"type":1,"x":794,"y":100,"exist":true},"p2":{"type":1,"x":834,"y":140,"exist":true}},{"type":"laser","p1":{"type":1,"x":487,"y":320,"exist":true},"p2":{"type":1,"x":426,"y":250,"exist":true}}],"mode":"light","rayDensity_light":0.14119688712824036,"rayDensity_images":1,"origin":{"x":-59,"y":93},"scale":1}