{"version":2,"objs":[{"type":"parallel","p1":{"type":1,"x":179,"y":264,"exist":true},"p2":{"type":1,"x":189,"y":430,"exist":true},"p":0.41},{"type":"refractor","path":[{"x":368,"y":212,"arc":false},{"x":400,"y":356,"arc":true},{"x":378,"y":460,"arc":false},{"x":349,"y":348,"arc":true}],"notDone":false,"p":1.5},{"type":"arcmirror","p1":{"type":1,"x":973,"y":153,"exist":true},"p2":{"type":1,"x":1095,"y":460,"exist":true},"p3":{"type":1,"x":1076,"y":288,"exist":true}}],"mode":"light","rayDensity_light":6.731513453339253,"rayDensity_images":1,"origin":{"x":-132,"y":55},"scale":1}